player1,player2,total_encounters,p1_wins,p2_wins,p1_avg_rank,p2_avg_rank,avg_combined_rank,closeness,elite_score
Quali,TheHunter222,20,15,5,7.4,12.85,10.12,0.3333,1.98
Quali,btroitsk,30,15,15,9.8,8.23,9.02,1.0,3.33
Quali,maximeeepje,10,7,3,8.4,14.1,11.25,0.5,0.89
TheHunter222,btroitsk,9,2,7,14.22,6.44,10.33,0.3556,0.87
btroitsk,maximeeepje,7,6,1,6.0,12.57,9.29,0.2286,0.75
Bidderlyn,Mubirobiro [BR],12,8,4,4.67,8.42,6.54,0.5556,1.83
Bidderlyn,Quali,60,53,7,2.23,7.22,4.72,0.0707,12.7
Bidderlyn,Xrenoid,39,36,3,2.21,9.03,5.62,0.0581,6.95
Bidderlyn,btroitsk,22,18,4,3.73,8.32,6.02,0.2139,3.65
Bidderlyn,hrejarz2,20,20,0,1.6,21.45,11.52,0.0,1.74
Bidderlyn,m.melkowski1,31,24,7,3.68,7.16,5.42,0.2441,5.72
Bidderlyn,maximeeepje,8,7,1,4.25,14.62,9.44,0.1923,0.85
Dan,Quali,12,4,8,9.42,8.42,8.92,0.5556,1.35
Dan,btroitsk,12,4,8,10.17,6.83,8.5,0.5556,1.41
Dan,m.melkowski1,11,3,8,9.73,6.91,8.32,0.4364,1.32
Mubirobiro [BR],Quali,12,5,7,8.5,9.17,8.83,0.7576,1.36
Mubirobiro [BR],btroitsk,9,3,6,9.33,6.0,7.67,0.5797,1.17
Mubirobiro [BR],m.melkowski1,14,6,8,8.21,7.21,7.71,0.7792,1.81
Quali,Xrenoid,44,26,18,6.95,9.66,8.31,0.5844,5.3
Quali,hrejarz2,23,22,1,6.91,21.22,14.07,0.0424,1.64
Quali,m.melkowski1,39,19,20,8.33,6.97,7.65,0.928,5.1
Xrenoid,btroitsk,20,10,10,9.0,8.4,8.7,1.0,2.3
Xrenoid,hrejarz2,12,12,0,10.92,23.0,16.96,0.0,0.71
Xrenoid,m.melkowski1,23,6,17,10.61,6.7,8.65,0.3366,2.66
btroitsk,hrejarz2,9,9,0,6.78,21.44,14.11,0.0,0.64
btroitsk,m.melkowski1,21,11,10,8.43,7.52,7.98,0.907,2.63
hrejarz2,m.melkowski1,10,0,10,20.7,7.5,14.1,0.0,0.71
Bidderlyn,Covert Skeleton,9,9,0,4.33,11.67,8.0,0.0,1.12
Bidderlyn,Tv0r9,7,7,0,6.29,18.29,12.29,0.0,0.57
Covert Skeleton,Quali,10,4,6,10.3,12.7,11.5,0.7273,0.87
Covert Skeleton,Xrenoid,9,5,4,11.56,10.22,10.89,0.8466,0.83
Covert Skeleton,btroitsk,8,2,6,10.62,8.25,9.44,0.4167,0.85
Covert Skeleton,m.melkowski1,8,2,6,10.25,7.12,8.69,0.4167,0.92
Quali,Tv0r9,9,8,1,10.44,19.33,14.89,0.1646,0.6
Tv0r9,Xrenoid,7,2,5,16.43,9.57,13.0,0.4969,0.54
Tv0r9,btroitsk,8,0,8,21.75,7.25,14.5,0.0,0.55
Tv0r9,m.melkowski1,10,2,8,21.0,7.3,14.15,0.3077,0.71
Bidderlyn,Dreamweaver,30,30,0,1.9,14.77,8.33,0.0,3.6
Bidderlyn,JarJar,26,25,1,3.04,18.42,10.73,0.035,2.42
Bidderlyn,Rubens,7,6,1,3.14,6.57,4.86,0.2286,1.44
Bidderlyn,S31gn3ur Chr3t13n,40,31,9,3.2,7.08,5.14,0.2143,7.79
Bidderlyn,austin_midd,12,11,1,3.08,8.75,5.92,0.1111,2.03
Bidderlyn,camoutbussin,24,21,3,2.21,6.33,4.27,0.1316,5.62
Bidderlyn,danger guy,7,7,0,3.57,18.14,10.86,0.0,0.64
Bidderlyn,masterv5983,29,28,1,2.34,14.93,8.64,0.0293,3.36
Covert Skeleton,S31gn3ur Chr3t13n,7,3,4,10.29,8.14,9.21,0.8163,0.76
Dreamweaver,JarJar,17,12,5,13.65,18.06,15.85,0.4357,1.07
Dreamweaver,Quali,39,5,34,13.82,7.13,10.47,0.1047,3.72
Dreamweaver,S31gn3ur Chr3t13n,24,2,22,14.54,6.46,10.5,0.0833,2.29
Dreamweaver,Xrenoid,22,4,18,14.55,8.09,11.32,0.2139,1.94
Dreamweaver,btroitsk,18,8,10,13.72,10.56,12.14,0.8081,1.48
Dreamweaver,camoutbussin,18,2,16,15.06,6.94,11.0,0.1307,1.64
Dreamweaver,m.melkowski1,18,3,15,17.0,7.22,12.11,0.2083,1.49
Dreamweaver,masterv5983,15,8,7,14.87,13.87,14.37,0.8889,1.04
JarJar,Quali,31,4,27,17.77,7.65,12.71,0.12,2.44
JarJar,S31gn3ur Chr3t13n,20,2,18,16.45,8.7,12.58,0.1111,1.59
JarJar,Xrenoid,20,3,17,17.85,8.25,13.05,0.1765,1.53
JarJar,austin_midd,9,0,9,19.44,8.67,14.06,0.0,0.64
JarJar,btroitsk,12,3,9,15.33,10.67,13.0,0.3846,0.92
JarJar,camoutbussin,14,1,13,17.43,4.5,10.96,0.0893,1.28
JarJar,m.melkowski1,16,3,13,16.38,7.5,11.94,0.25,1.34
JarJar,masterv5983,18,4,14,17.44,13.89,15.67,0.2963,1.15
Mubirobiro [BR],S31gn3ur Chr3t13n,7,4,3,7.71,10.43,9.07,0.8163,0.77
Quali,Rubens,8,2,6,12.0,7.38,9.69,0.4167,0.83
Quali,S31gn3ur Chr3t13n,47,21,26,7.17,6.51,6.84,0.7149,6.87
Quali,austin_midd,15,10,5,6.87,10.0,8.43,0.5333,1.78
Quali,camoutbussin,29,14,15,7.62,7.34,7.48,0.9195,3.88
Quali,danger guy,11,8,3,9.36,16.64,13.0,0.4364,0.85
Quali,masterv5983,38,31,7,7.26,14.87,11.07,0.1675,3.43
Rubens,m.melkowski1,8,4,4,7.5,7.62,7.56,1.0,1.06
Rubens,masterv5983,7,5,2,7.57,12.43,10.0,0.4969,0.7
S31gn3ur Chr3t13n,Xrenoid,26,20,6,7.12,11.15,9.13,0.2715,2.85
S31gn3ur Chr3t13n,austin_midd,8,1,7,9.25,6.5,7.88,0.1923,1.02
S31gn3ur Chr3t13n,btroitsk,15,7,8,8.87,8.93,8.9,0.8889,1.69
S31gn3ur Chr3t13n,camoutbussin,20,7,13,7.5,6.3,6.9,0.5385,2.9
S31gn3ur Chr3t13n,m.melkowski1,27,13,14,7.37,6.96,7.17,0.9171,3.77
S31gn3ur Chr3t13n,masterv5983,22,18,4,7.5,14.91,11.2,0.2139,1.96
Xrenoid,austin_midd,9,5,4,10.44,9.78,10.11,0.8466,0.89
Xrenoid,camoutbussin,15,4,11,9.53,7.67,8.6,0.3951,1.74
Xrenoid,danger guy,7,6,1,8.0,17.0,12.5,0.2286,0.56
Xrenoid,masterv5983,21,18,3,9.1,16.0,12.55,0.1633,1.67
austin_midd,camoutbussin,7,2,5,12.86,5.43,9.14,0.4969,0.77
austin_midd,m.melkowski1,10,3,7,11.4,6.3,8.85,0.5,1.13
austin_midd,masterv5983,12,9,3,8.42,13.5,10.96,0.3846,1.1
btroitsk,camoutbussin,13,6,7,9.38,8.15,8.77,0.8791,1.48
btroitsk,danger guy,11,10,1,4.82,17.0,10.91,0.1254,1.01
btroitsk,masterv5983,13,10,3,8.62,13.15,10.88,0.3419,1.19
camoutbussin,m.melkowski1,17,9,8,8.53,6.41,7.47,0.8964,2.28
camoutbussin,masterv5983,19,15,4,8.89,15.68,12.29,0.2716,1.55
danger guy,m.melkowski1,9,1,8,16.56,7.44,12.0,0.1646,0.75
danger guy,masterv5983,7,4,3,15.29,15.71,15.5,0.8163,0.45
m.melkowski1,masterv5983,20,18,2,5.6,15.05,10.32,0.1111,1.94
Bidderlyn,Blumpo Gripliskin,12,9,3,3.67,4.17,3.92,0.3846,3.06
Bidderlyn,TheHunter222,18,16,2,3.28,13.78,8.53,0.1307,2.11
Bidderlyn,Zu,7,2,5,7.29,4.71,6.0,0.4969,1.17
Blumpo Gripliskin,Dreamweaver,7,7,0,5.14,17.86,11.5,0.0,0.61
Blumpo Gripliskin,Quali,14,8,6,5.71,6.57,6.14,0.7792,2.28
Blumpo Gripliskin,S31gn3ur Chr3t13n,9,5,4,6.67,9.44,8.06,0.8466,1.12
Blumpo Gripliskin,btroitsk,7,6,1,2.86,5.29,4.07,0.2286,1.72
Blumpo Gripliskin,m.melkowski1,7,6,1,3.29,8.0,5.64,0.2286,1.24
Dreamweaver,TheHunter222,9,2,7,16.78,8.67,12.72,0.3556,0.71
Quali,Zu,7,1,6,13.14,4.57,8.86,0.2286,0.79
S31gn3ur Chr3t13n,TheHunter222,14,11,3,6.79,12.43,9.61,0.3061,1.46
TheHunter222,m.melkowski1,13,3,10,11.38,7.54,9.46,0.3419,1.37
Zu,btroitsk,10,7,3,4.7,9.4,7.05,0.5,1.42
Zu,m.melkowski1,8,6,2,4.38,10.25,7.31,0.4167,1.09
Bidderlyn,Nocek,7,6,1,8.43,16.71,12.57,0.2286,0.56
Bidderlyn,Odin_Gr,10,10,0,3.9,16.9,10.4,0.0,0.96
Dan,Nocek,11,4,7,10.09,10.18,10.14,0.6324,1.09
Dan,S31gn3ur Chr3t13n,7,5,2,10.43,10.71,10.57,0.4969,0.66
Dan,danger guy,7,5,2,9.43,17.57,13.5,0.4969,0.52
Nocek,Odin_Gr,7,4,3,15.86,19.0,17.43,0.8163,0.4
Nocek,Quali,13,4,9,12.54,9.23,10.88,0.4923,1.19
Nocek,S31gn3ur Chr3t13n,9,3,6,13.89,9.22,11.56,0.5797,0.78
Nocek,Zu,7,0,7,17.0,5.43,11.21,0.0,0.62
Nocek,btroitsk,13,4,9,12.23,7.92,10.08,0.4923,1.29
Nocek,camoutbussin,7,1,6,16.43,7.57,12.0,0.2286,0.58
Nocek,danger guy,7,7,0,10.43,18.57,14.5,0.0,0.48
Nocek,m.melkowski1,13,5,8,13.23,6.54,9.88,0.6689,1.32
Odin_Gr,Quali,13,2,11,18.08,8.77,13.42,0.2122,0.97
Odin_Gr,S31gn3ur Chr3t13n,7,1,6,19.86,6.57,13.21,0.2286,0.53
Odin_Gr,camoutbussin,8,2,6,13.75,8.38,11.06,0.4167,0.72
Odin_Gr,m.melkowski1,9,1,8,20.0,5.78,12.89,0.1646,0.7
Quali,mjwb,8,7,1,7.75,21.12,14.44,0.1923,0.55
TheHunter222,camoutbussin,7,0,7,12.43,5.86,9.14,0.0,0.77
Bidderlyn,Laska,13,12,1,4.31,15.77,10.04,0.0993,1.3
JarJar,Laska,8,4,4,16.88,15.5,16.19,1.0,0.49
Laska,m.melkowski1,8,1,7,16.5,6.0,11.25,0.1923,0.71
[WGS-B] BK,m.melkowski1,7,0,7,21.71,5.57,13.64,0.0,0.51
Dreamweaver,Nocek,7,1,6,12.86,8.57,10.71,0.2286,0.65
Nocek,Xrenoid,9,3,6,14.78,12.78,13.78,0.5797,0.65
Quali,Xial,8,7,1,7.25,18.0,12.62,0.1923,0.63
Bidderlyn,blankE,31,30,1,2.52,15.19,8.85,0.0263,3.5
Bidderlyn,genevrier_ou,22,22,0,1.91,15.27,8.59,0.0,2.56
Bidderlyn,juicyteach,12,12,0,2.83,20.5,11.67,0.0,1.03
Dreamweaver,blankE,22,14,8,13.5,14.59,14.05,0.5594,1.57
Dreamweaver,genevrier_ou,18,9,9,12.56,15.0,13.78,1.0,1.31
JarJar,TheHunter222,11,4,7,16.45,13.27,14.86,0.6324,0.74
JarJar,blankE,17,6,11,18.18,17.12,17.65,0.5647,0.96
JarJar,genevrier_ou,13,4,9,19.38,14.77,17.08,0.4923,0.76
Laska,TheHunter222,7,3,4,15.43,13.29,14.36,0.8163,0.49
Laska,blankE,10,7,3,15.4,16.8,16.1,0.5,0.62
S31gn3ur Chr3t13n,blankE,25,24,1,6.16,16.68,11.42,0.0372,2.19
S31gn3ur Chr3t13n,genevrier_ou,17,17,0,5.47,16.82,11.15,0.0,1.53
S31gn3ur Chr3t13n,juicyteach,9,8,1,6.22,21.0,13.61,0.1646,0.66
TheHunter222,blankE,11,9,2,11.0,14.91,12.95,0.2694,0.85
blankE,btroitsk,8,1,7,16.0,7.62,11.81,0.1923,0.68
blankE,camoutbussin,20,3,17,16.5,7.6,12.05,0.1765,1.66
blankE,genevrier_ou,17,9,8,14.65,15.71,15.18,0.8964,1.12
blankE,juicyteach,7,4,3,16.57,19.86,18.21,0.8163,0.38
blankE,m.melkowski1,18,1,17,15.28,6.11,10.69,0.0617,1.68
btroitsk,genevrier_ou,9,7,2,10.22,17.78,14.0,0.3556,0.64
camoutbussin,genevrier_ou,14,11,3,7.86,15.86,11.86,0.3061,1.18
juicyteach,m.melkowski1,7,0,7,19.57,5.43,12.5,0.0,0.56
Bidderlyn,khang.pham2401,24,24,0,2.12,16.67,9.4,0.0,2.55
Bidderlyn,t.lewis140,10,10,0,3.5,19.9,11.7,0.0,0.85
Bidderlyn,z_iodine,13,13,0,2.31,20.85,11.58,0.0,1.12
Laska,Xrenoid,9,3,6,14.11,7.78,10.94,0.5797,0.82
TheHunter222,Xrenoid,13,5,8,14.46,8.85,11.65,0.6689,1.12
TheHunter222,khang.pham2401,10,8,2,14.5,21.3,17.9,0.3077,0.56
Xrenoid,blankE,23,18,5,9.43,14.61,12.02,0.2635,1.91
Xrenoid,khang.pham2401,18,14,4,10.5,17.89,14.19,0.2963,1.27
Xrenoid,t.lewis140,9,7,2,11.89,19.0,15.44,0.3556,0.58
Xrenoid,z_iodine,11,9,2,10.0,19.73,14.86,0.2694,0.74
austin_midd,blankE,9,7,2,9.78,16.56,13.17,0.3556,0.68
austin_midd,khang.pham2401,10,8,2,9.0,18.9,13.95,0.3077,0.72
blankE,hrejarz2,10,8,2,15.3,21.9,18.6,0.3077,0.54
blankE,khang.pham2401,13,5,8,16.69,16.62,16.65,0.6689,0.78
blankE,t.lewis140,7,5,2,10.71,18.29,14.5,0.4969,0.48
blankE,z_iodine,7,6,1,13.14,24.57,18.86,0.2286,0.37
btroitsk,khang.pham2401,12,11,1,7.92,20.17,14.04,0.1111,0.85
btroitsk,z_iodine,8,7,1,6.88,18.75,12.81,0.1923,0.62
hrejarz2,khang.pham2401,10,1,9,21.9,16.3,19.1,0.1429,0.52
khang.pham2401,z_iodine,8,4,4,16.62,18.12,17.38,1.0,0.46
Bidderlyn,bullzebub,11,11,0,2.73,17.09,9.91,0.0,1.11
Laska,Quali,9,2,7,12.78,7.44,10.11,0.3556,0.89
Laska,masterv5983,8,5,3,13.5,17.0,15.25,0.6818,0.52
ManBonAs,Quali,11,2,9,20.0,7.55,13.77,0.2694,0.8
ManBonAs,khang.pham2401,7,6,1,17.29,20.29,18.79,0.2286,0.37
ManBonAs,masterv5983,9,2,7,19.0,14.0,16.5,0.3556,0.55
Quali,bullzebub,14,11,3,7.93,17.0,12.46,0.3061,1.12
Quali,hubby26,11,9,2,9.18,18.45,13.82,0.2694,0.8
Quali,juicyteach,11,11,0,4.45,19.82,12.14,0.0,0.91
Quali,khang.pham2401,29,29,0,5.72,17.9,11.81,0.0,2.46
Quali,t.lewis140,10,9,1,5.7,21.2,13.45,0.1429,0.74
TheHunter222,masterv5983,10,8,2,11.6,18.4,15.0,0.3077,0.67
btroitsk,hubby26,8,8,0,4.5,19.5,12.0,0.0,0.67
bullzebub,khang.pham2401,10,6,4,16.1,17.9,17.0,0.7273,0.59
bullzebub,masterv5983,9,3,6,18.0,15.33,16.67,0.5797,0.54
hrejarz2,masterv5983,11,1,10,22.64,14.09,18.36,0.1254,0.6
hubby26,masterv5983,7,4,3,18.57,19.14,18.86,0.8163,0.37
juicyteach,masterv5983,9,2,7,19.78,14.33,17.06,0.3556,0.53
khang.pham2401,masterv5983,15,3,12,18.27,13.73,16.0,0.2759,0.94
masterv5983,t.lewis140,8,7,1,14.5,21.25,17.88,0.1923,0.45
Bananahammockjoe,Bidderlyn,8,0,8,23.12,1.62,12.38,0.0,0.65
Bananahammockjoe,Dreamweaver,7,1,6,22.29,12.14,17.21,0.2286,0.41
Bananahammockjoe,Quali,9,0,9,23.89,5.78,14.83,0.0,0.61
Bidderlyn,doniatka,25,25,0,1.72,8.0,4.86,0.0,5.14
Dreamweaver,doniatka,14,0,14,16.36,8.71,12.54,0.0,1.12
Quali,doniatka,28,20,8,6.29,8.04,7.16,0.3571,3.91
Xrenoid,doniatka,21,10,11,10.71,7.62,9.17,0.907,2.29
btroitsk,doniatka,9,5,4,6.22,6.89,6.56,0.8466,1.37
doniatka,m.melkowski1,16,6,10,8.69,7.12,7.91,0.625,2.02
hubby26,m.melkowski1,7,0,7,15.29,7.43,11.36,0.0,0.62
Dreamweaver,luisarlen23,16,3,13,13.88,9.44,11.66,0.25,1.37
Dreamweaver,Коmар,13,11,2,11.31,19.23,15.27,0.2122,0.85
JarJar,luisarlen23,11,1,10,17.27,5.0,11.14,0.1254,0.99
JarJar,Коmар,10,5,5,17.5,17.8,17.65,1.0,0.57
ManBonAs,m.melkowski1,8,0,8,23.75,6.12,14.94,0.0,0.54
Nocek,masterv5983,9,6,3,11.33,16.33,13.83,0.5797,0.65
Quali,blankE,35,33,2,5.69,16.09,10.89,0.0448,3.22
Quali,luisarlen23,28,15,13,6.5,6.29,6.39,0.8442,4.38
Quali,Коmар,22,21,1,6.0,19.18,12.59,0.0455,1.75
S31gn3ur Chr3t13n,bullzebub,9,6,3,9.78,16.22,13.0,0.5797,0.69
S31gn3ur Chr3t13n,luisarlen23,17,6,11,7.06,6.35,6.71,0.5647,2.54
S31gn3ur Chr3t13n,Коmар,14,14,0,5.93,18.79,12.36,0.0,1.13
blankE,luisarlen23,16,2,14,17.25,6.0,11.62,0.1562,1.38
blankE,masterv5983,21,10,11,15.95,14.38,15.17,0.907,1.38
blankE,Коmар,10,7,3,16.6,19.1,17.85,0.5,0.56
btroitsk,luisarlen23,11,6,5,8.0,10.36,9.18,0.8658,1.2
btroitsk,Коmар,7,6,1,10.43,21.43,15.93,0.2286,0.44
bullzebub,camoutbussin,7,2,5,18.14,9.43,13.79,0.4969,0.51
bullzebub,m.melkowski1,12,1,11,17.17,6.0,11.58,0.1111,1.04
camoutbussin,luisarlen23,12,7,5,6.83,8.83,7.83,0.7576,1.53
camoutbussin,Коmар,8,7,1,8.62,18.12,13.38,0.1923,0.6
luisarlen23,m.melkowski1,15,9,6,8.2,6.27,7.23,0.6957,2.07
luisarlen23,masterv5983,15,12,3,7.07,16.2,11.63,0.2759,1.29
luisarlen23,Коmар,11,10,1,6.36,19.91,13.14,0.1254,0.84
masterv5983,Коmар,11,7,4,16.27,20.27,18.27,0.6324,0.6
JarJar,doniatka,12,2,10,16.42,9.42,12.92,0.2381,0.93
JarJar,khang.pham2401,14,7,7,16.71,18.36,17.54,1.0,0.8
ManBonAs,Xrenoid,8,1,7,20.62,12.38,16.5,0.1923,0.48
S31gn3ur Chr3t13n,doniatka,19,13,6,6.21,7.89,7.05,0.4678,2.69
S31gn3ur Chr3t13n,khang.pham2401,19,17,2,7.84,17.32,12.58,0.1203,1.51
TheHunter222,doniatka,7,4,3,10.86,9.71,10.29,0.8163,0.68
camoutbussin,doniatka,11,8,3,6.18,8.45,7.32,0.4364,1.5
camoutbussin,khang.pham2401,10,9,1,7.9,16.5,12.2,0.1429,0.82
doniatka,khang.pham2401,13,12,1,7.31,17.92,12.62,0.0993,1.03
doniatka,masterv5983,16,13,3,9.19,15.81,12.5,0.25,1.28
khang.pham2401,m.melkowski1,17,2,15,19.18,6.65,12.91,0.1426,1.32
Odin_Gr,Skoops!,9,1,8,19.22,12.0,15.61,0.1646,0.58
Odin_Gr,Xrenoid,7,1,6,18.14,9.57,13.86,0.2286,0.51
Odin_Gr,masterv5983,11,5,6,18.18,14.91,16.55,0.8658,0.66
Quali,Skoops!,42,27,15,6.05,8.79,7.42,0.4464,5.66
Quali,flowerlady32,8,8,0,6.38,17.75,12.06,0.0,0.66
Quali,genevrier_ou,25,24,1,5.28,15.08,10.18,0.0372,2.46
Quali,z_iodine,14,13,1,7.0,19.93,13.46,0.0893,1.04
Skoops!,Xrenoid,21,12,9,9.33,10.62,9.98,0.7453,2.11
Skoops!,btroitsk,11,5,6,10.55,10.0,10.27,0.8658,1.07
Skoops!,bullzebub,7,5,2,8.29,19.0,13.64,0.4969,0.51
Skoops!,camoutbussin,20,8,12,8.1,9.05,8.57,0.6667,2.33
Skoops!,flowerlady32,7,7,0,5.29,16.86,11.07,0.0,0.63
Skoops!,genevrier_ou,19,16,3,7.47,14.89,11.18,0.1914,1.7
Skoops!,m.melkowski1,20,5,15,10.1,6.6,8.35,0.3333,2.4
Skoops!,masterv5983,20,17,3,9.45,15.4,12.42,0.1765,1.61
Skoops!,z_iodine,8,7,1,10.88,19.5,15.19,0.1923,0.53
Xrenoid,bullzebub,8,6,2,10.75,18.12,14.44,0.4167,0.55
Xrenoid,genevrier_ou,16,15,1,8.38,14.12,11.25,0.0735,1.42
genevrier_ou,masterv5983,12,6,6,15.17,14.75,14.96,1.0,0.8
m.melkowski1,z_iodine,9,9,0,7.22,22.22,14.72,0.0,0.61
Dreamweaver,Jeeda Sensei,33,3,30,12.67,5.06,8.86,0.0774,3.72
Dreamweaver,Zap,7,6,1,13.14,19.57,16.36,0.2286,0.43
Jeeda Sensei,Xrenoid,38,30,8,5.03,9.71,7.37,0.2005,5.16
Jeeda Sensei,Zap,15,14,1,7.07,19.6,13.33,0.0808,1.12
Jeeda Sensei,blankE,36,32,4,5.61,15.44,10.53,0.0926,3.42
Jeeda Sensei,btroitsk,16,10,6,5.81,7.19,6.5,0.625,2.46
Jeeda Sensei,camoutbussin,23,14,9,6.65,7.26,6.96,0.6261,3.31
Jeeda Sensei,doniatka,26,18,8,5.27,7.92,6.6,0.4103,3.94
Jeeda Sensei,genevrier_ou,26,24,2,5.23,15.31,10.27,0.0733,2.53
Jeeda Sensei,luisarlen23,27,14,13,6.04,6.33,6.19,0.9171,4.37
Jeeda Sensei,m.melkowski1,25,16,9,5.76,6.08,5.92,0.5333,4.22
Xrenoid,Zap,9,8,1,10.33,19.44,14.89,0.1646,0.6
Xrenoid,luisarlen23,16,2,14,11.19,5.06,8.12,0.1562,1.97
Zap,blankE,8,2,6,19.12,14.5,16.81,0.4167,0.48
Zap,camoutbussin,7,1,6,20.43,7.71,14.07,0.2286,0.5
Zap,doniatka,10,0,10,19.3,8.4,13.85,0.0,0.72
Zap,m.melkowski1,9,0,9,20.56,4.78,12.67,0.0,0.71
blankE,doniatka,12,1,11,13.5,8.33,10.92,0.1111,1.1
doniatka,genevrier_ou,9,7,2,7.56,14.44,11.0,0.3556,0.82
doniatka,luisarlen23,13,4,9,7.46,6.0,6.73,0.4923,1.93
genevrier_ou,luisarlen23,12,1,11,16.5,7.42,11.96,0.1111,1.0
Blumpo Gripliskin,Skoops!,7,7,0,3.71,9.71,6.71,0.0,1.04
Blumpo Gripliskin,masterv5983,7,6,1,6.14,16.86,11.5,0.2286,0.61
Dreamweaver,Skoops!,22,5,17,12.18,8.09,10.14,0.2841,2.17
Skoops!,austin_midd,8,2,6,14.5,8.12,11.31,0.4167,0.71
Skoops!,luisarlen23,18,4,14,10.89,7.11,9.0,0.2963,2.0
austin_midd,luisarlen23,8,2,6,12.0,5.88,8.94,0.4167,0.9
Dreamweaver,jjjeffer78,12,11,1,10.92,22.08,16.5,0.1111,0.73
Dreamweaver,khang.pham2401,11,7,4,12.0,16.18,14.09,0.6324,0.78
JarJar,Skoops!,18,3,15,18.22,10.06,14.14,0.2083,1.27
JarJar,jjjeffer78,10,7,3,17.9,22.2,20.05,0.5,0.5
Quali,jjjeffer78,21,21,0,5.29,21.71,13.5,0.0,1.56
Skoops!,jjjeffer78,17,15,2,8.59,21.65,15.12,0.1426,1.12
Skoops!,khang.pham2401,18,16,2,10.61,17.67,14.14,0.1307,1.27
jjjeffer78,khang.pham2401,10,2,8,22.3,16.5,19.4,0.3077,0.52
jjjeffer78,m.melkowski1,8,0,8,22.62,7.75,15.19,0.0,0.53
jjjeffer78,masterv5983,10,0,10,24.5,12.6,18.55,0.0,0.54
Blumpo Gripliskin,Jeeda Sensei,12,6,6,6.0,5.08,5.54,1.0,2.17
Blumpo Gripliskin,Xrenoid,8,5,3,7.5,10.38,8.94,0.6818,0.9
Blumpo Gripliskin,blankE,7,6,1,7.0,16.57,11.79,0.2286,0.59
Jeeda Sensei,Quali,60,36,24,4.58,5.43,5.01,0.5,11.98
Jeeda Sensei,mjwb,7,7,0,4.86,20.43,12.64,0.0,0.55
Jeeda Sensei,yaelsky96,8,8,0,2.88,10.75,6.81,0.0,1.17
Quali,yaelsky96,9,6,3,5.44,11.56,8.5,0.5797,1.06
Grimning,Jeeda Sensei,28,1,27,20.5,4.5,12.5,0.0311,2.24
Grimning,Quali,28,1,27,20.71,4.86,12.79,0.0311,2.19
Grimning,S31gn3ur Chr3t13n,18,0,18,20.17,5.61,12.89,0.0,1.4
Grimning,Xrenoid,15,1,14,19.0,9.13,14.07,0.0808,1.07
Grimning,genevrier_ou,17,4,13,18.76,12.88,15.82,0.3245,1.07
Grimning,hrejarz2,12,3,9,24.33,21.0,22.67,0.3846,0.53
Grimning,m.melkowski1,7,0,7,23.29,7.57,15.43,0.0,0.45
Jeeda Sensei,ManBonAs,7,7,0,6.29,21.0,13.64,0.0,0.51
Jeeda Sensei,S31gn3ur Chr3t13n,38,28,10,4.47,6.45,5.46,0.277,6.96
Jeeda Sensei,hrejarz2,18,17,1,4.39,22.28,13.33,0.0617,1.35
S31gn3ur Chr3t13n,hrejarz2,15,13,2,7.13,21.13,14.13,0.172,1.06
genevrier_ou,hrejarz2,8,6,2,17.88,22.75,20.31,0.4167,0.39
BigOak,Jeeda Sensei,10,1,9,16.4,4.5,10.45,0.1429,0.96
BigOak,Quali,11,1,10,16.36,5.18,10.77,0.1254,1.02
BigOak,doniatka,9,2,7,17.11,9.11,13.11,0.3556,0.69
BigOak,m.melkowski1,9,1,8,17.67,5.67,11.67,0.1646,0.77
Dreamweaver,tsromanow,12,11,1,11.83,19.33,15.58,0.1111,0.77
Jeeda Sensei,Mubirobiro [BR],7,4,3,5.86,9.0,7.43,0.8163,0.94
Jeeda Sensei,TheHunter222,14,13,1,4.29,12.71,8.5,0.0893,1.65
Jeeda Sensei,Xial,7,7,0,5.43,17.57,11.5,0.0,0.61
Jeeda Sensei,masterv5983,29,28,1,5.38,15.14,10.26,0.0293,2.83
Jeeda Sensei,tsromanow,19,19,0,3.05,18.74,10.89,0.0,1.74
Jeeda Sensei,Коmар,20,20,0,4.9,19.45,12.18,0.0,1.64
Quali,tsromanow,19,19,0,5.84,18.42,12.13,0.0,1.57
TheHunter222,luisarlen23,8,2,6,11.62,4.62,8.12,0.4167,0.98
doniatka,tsromanow,7,7,0,8.29,17.71,13.0,0.0,0.54
doniatka,Коmар,9,9,0,7.78,18.22,13.0,0.0,0.69
luisarlen23,tsromanow,8,7,1,8.12,16.12,12.12,0.1923,0.66
m.melkowski1,tsromanow,7,6,1,8.29,20.43,14.36,0.2286,0.49
masterv5983,tsromanow,7,5,2,17.14,20.71,18.93,0.4969,0.37
tsromanow,Коmар,9,3,6,17.78,17.0,17.39,0.5797,0.52
Dreamweaver,hrejarz2,9,8,1,12.78,20.89,16.83,0.1646,0.53
Dreamweaver,slaaneshtgof,7,5,2,15.29,21.14,18.21,0.4969,0.38
Dreamweaver,z_iodine,7,6,1,13.29,21.0,17.14,0.2286,0.41
JarJar,hrejarz2,8,8,0,18.12,24.5,21.31,0.0,0.38
Quali,slaaneshtgof,16,15,1,6.81,19.38,13.09,0.0735,1.22
S31gn3ur Chr3t13n,Skoops!,30,22,8,5.2,8.57,6.88,0.3137,4.36
S31gn3ur Chr3t13n,slaaneshtgof,10,9,1,6.5,19.2,12.85,0.1429,0.78
Skoops!,TheHunter222,10,7,3,10.7,13.3,12.0,0.5,0.83
Skoops!,doniatka,14,7,7,10.43,9.21,9.82,1.0,1.43
Skoops!,hrejarz2,13,13,0,8.62,21.08,14.85,0.0,0.88
Skoops!,slaaneshtgof,12,11,1,8.83,20.83,14.83,0.1111,0.81
doniatka,hrejarz2,10,10,0,7.9,23.9,15.9,0.0,0.63
doniatka,slaaneshtgof,13,13,0,7.77,20.85,14.31,0.0,0.91
doniatka,z_iodine,9,9,0,9.11,18.22,13.67,0.0,0.66
m.melkowski1,slaaneshtgof,7,7,0,7.14,17.71,12.43,0.0,0.56
masterv5983,slaaneshtgof,8,5,3,16.25,18.25,17.25,0.6818,0.46
BigOak,khang.pham2401,7,5,2,13.86,16.71,15.29,0.4969,0.46
Grimning,camoutbussin,13,1,12,21.46,5.92,13.69,0.0993,0.95
Grimning,khang.pham2401,9,3,6,22.56,15.89,19.22,0.5797,0.47
Grimning,luisarlen23,8,0,8,23.0,5.0,14.0,0.0,0.57
Jeeda Sensei,Odin_Gr,9,8,1,4.33,16.67,10.5,0.1646,0.86
Jeeda Sensei,austin_midd,12,8,4,5.17,9.17,7.17,0.5556,1.67
Jeeda Sensei,bullzebub,10,10,0,5.9,18.2,12.05,0.0,0.83
Jeeda Sensei,khang.pham2401,26,25,1,4.0,16.92,10.46,0.035,2.49
khang.pham2401,luisarlen23,10,1,9,18.7,6.0,12.35,0.1429,0.81
Bidderlyn,Coyface,8,8,0,2.12,22.88,12.5,0.0,0.64
Bidderlyn,Jeeda Sensei,51,39,12,2.06,4.61,3.33,0.2003,15.3
Bidderlyn,schmendrikson,16,16,0,1.5,19.5,10.5,0.0,1.52
Blumpo Gripliskin,schmendrikson,7,6,1,7.57,21.86,14.71,0.2286,0.48
Coyface,Jeeda Sensei,10,1,9,23.5,5.2,14.35,0.1429,0.7
Coyface,Quali,9,0,9,23.0,5.67,14.33,0.0,0.63
Coyface,blankE,8,3,5,22.38,18.75,20.56,0.6818,0.39
Jeeda Sensei,Laska,9,8,1,4.89,13.33,9.11,0.1646,0.99
Jeeda Sensei,schmendrikson,19,18,1,4.68,18.79,11.74,0.0569,1.62
Odin_Gr,blankE,7,3,4,16.57,17.57,17.07,0.8163,0.41
Quali,schmendrikson,19,19,0,4.68,18.79,11.74,0.0,1.62
blankE,schmendrikson,13,7,6,16.23,17.92,17.08,0.8791,0.76
camoutbussin,schmendrikson,8,7,1,5.88,17.62,11.75,0.1923,0.68
masterv5983,schmendrikson,10,6,4,15.3,16.1,15.7,0.7273,0.64
Bidderlyn,Hirow,15,15,0,1.87,20.93,11.4,0.0,1.32
Bidderlyn,Zap,13,13,0,1.85,19.38,10.62,0.0,1.22
Bidderlyn,benreichardt,10,10,0,2.5,24.4,13.45,0.0,0.74
Bidderlyn,luisarlen23,23,18,5,2.3,5.61,3.96,0.2635,5.81
Hirow,Jeeda Sensei,15,0,15,20.93,3.13,12.03,0.0,1.25
Hirow,Quali,15,1,14,20.93,7.13,14.03,0.0808,1.07
Hirow,Xrenoid,7,0,7,23.43,7.29,15.36,0.0,0.46
Hirow,blankE,8,5,3,17.62,17.38,17.5,0.6818,0.46
Hirow,genevrier_ou,8,3,5,19.38,18.75,19.06,0.6818,0.42
Hirow,luisarlen23,8,1,7,19.62,9.12,14.38,0.1923,0.56
Hirow,m.melkowski1,7,0,7,19.43,6.71,13.07,0.0,0.54
Jeeda Sensei,benreichardt,10,10,0,2.9,25.1,14.0,0.0,0.71
Jeeda Sensei,juicyteach,9,9,0,4.56,19.11,11.83,0.0,0.76
Jeeda Sensei,t.lewis140,8,8,0,5.38,20.38,12.88,0.0,0.62
Jeeda Sensei,z_iodine,12,12,0,4.83,20.42,12.62,0.0,0.95
Quali,Zap,14,13,1,5.93,19.21,12.57,0.0893,1.11
Quali,benreichardt,11,11,0,5.09,24.91,15.0,0.0,0.73
Xrenoid,benreichardt,8,7,1,9.62,24.88,17.25,0.1923,0.46
Zap,masterv5983,7,0,7,20.71,11.86,16.29,0.0,0.43
luisarlen23,z_iodine,8,8,0,3.12,20.25,11.69,0.0,0.68
m.melkowski1,t.lewis140,8,8,0,4.62,20.5,12.56,0.0,0.64
Bidderlyn,N Prime,24,17,7,1.58,2.92,2.25,0.3889,10.67
Bidderlyn,Siker_7,29,28,1,1.72,9.83,5.78,0.0293,5.02
Bidderlyn,Skoops!,34,32,2,2.26,9.09,5.68,0.0471,5.99
Bidderlyn,Коmар,18,18,0,1.89,18.5,10.19,0.0,1.77
Jeeda Sensei,N Prime,26,9,17,5.5,2.88,4.19,0.4945,6.2
Jeeda Sensei,Siker_7,33,31,2,4.12,9.97,7.05,0.0495,4.68
Jeeda Sensei,Skoops!,37,32,5,4.35,8.62,6.49,0.115,5.7
N Prime,Quali,25,20,5,2.88,5.32,4.1,0.2286,6.1
N Prime,Siker_7,19,18,1,2.84,10.11,6.47,0.0569,2.93
N Prime,Skoops!,15,15,0,3.2,8.33,5.77,0.0,2.6
N Prime,Xrenoid,17,17,0,3.0,10.29,6.65,0.0,2.56
N Prime,blankE,15,15,0,3.13,16.33,9.73,0.0,1.54
N Prime,camoutbussin,11,6,5,2.91,6.18,4.55,0.8658,2.42
N Prime,m.melkowski1,7,7,0,3.43,8.14,5.79,0.0,1.21
N Prime,masterv5983,14,14,0,3.07,15.79,9.43,0.0,1.48
N Prime,Коmар,11,11,0,2.55,20.36,11.45,0.0,0.96
Quali,Siker_7,33,25,8,5.73,10.09,7.91,0.2621,4.17
Siker_7,Skoops!,24,12,12,8.88,7.46,8.17,1.0,2.94
Siker_7,Xrenoid,23,14,9,10.83,10.43,10.63,0.6261,2.16
Siker_7,blankE,19,14,5,9.84,15.47,12.66,0.363,1.5
Siker_7,camoutbussin,12,5,7,10.08,8.5,9.29,0.7576,1.29
Siker_7,m.melkowski1,8,1,7,11.75,5.5,8.62,0.1923,0.93
Siker_7,masterv5983,16,12,4,12.56,16.44,14.5,0.3571,1.1
Siker_7,Коmар,13,11,2,10.46,20.62,15.54,0.2122,0.84
Skoops!,blankE,22,19,3,8.45,15.68,12.07,0.1515,1.82
Skoops!,Коmар,13,11,2,9.46,18.38,13.92,0.2122,0.93
Xrenoid,Коmар,10,9,1,8.0,20.6,14.3,0.1429,0.7
Bidderlyn,HZaninelli,11,11,0,2.27,23.55,12.91,0.0,0.85
Bidderlyn,yaelsky96,7,7,0,3.57,11.57,7.57,0.0,0.92
HZaninelli,Quali,11,0,11,23.55,6.27,14.91,0.0,0.74
HZaninelli,Siker_7,10,0,10,24.1,7.1,15.6,0.0,0.64
HZaninelli,Skoops!,7,0,7,23.71,9.0,16.36,0.0,0.43
HZaninelli,Xrenoid,8,1,7,23.5,7.25,15.38,0.1923,0.52
S31gn3ur Chr3t13n,Siker_7,21,14,7,6.57,9.57,8.07,0.4938,2.6
S31gn3ur Chr3t13n,t.lewis140,7,7,0,5.14,18.57,11.86,0.0,0.59
S31gn3ur Chr3t13n,yaelsky96,7,4,3,7.29,11.14,9.21,0.8163,0.76
Siker_7,yaelsky96,7,3,4,8.86,8.86,8.86,0.8163,0.79
Bidderlyn,BigOak,8,8,0,1.88,14.25,8.06,0.0,0.99
Bidderlyn,Frango,18,18,0,1.89,18.61,10.25,0.0,1.76
Bidderlyn,Lovis,26,26,0,1.92,21.12,11.52,0.0,2.26
Bidderlyn,ciga,32,32,0,1.66,17.06,9.36,0.0,3.42
Bidderlyn,jamiebagley233,9,9,0,2.0,21.67,11.83,0.0,0.76
BigOak,S31gn3ur Chr3t13n,7,0,7,15.14,6.0,10.57,0.0,0.66
Frango,Jeeda Sensei,19,0,19,18.05,2.89,10.47,0.0,1.81
Frango,Lovis,9,4,5,19.56,17.56,18.56,0.8466,0.49
Frango,Quali,19,1,18,18.05,5.79,11.92,0.0569,1.59
Frango,S31gn3ur Chr3t13n,12,0,12,18.58,5.92,12.25,0.0,0.98
Frango,Xrenoid,13,1,12,19.0,6.62,12.81,0.0993,1.02
Frango,blankE,10,5,5,17.3,15.8,16.55,1.0,0.6
Frango,ciga,14,6,8,18.5,19.86,19.18,0.7792,0.73
Frango,masterv5983,9,4,5,17.33,15.22,16.28,0.8466,0.55
Jeeda Sensei,Lovis,30,30,0,3.23,20.93,12.08,0.0,2.48
Jeeda Sensei,ciga,35,34,1,4.29,17.4,10.84,0.0216,3.23
Jeeda Sensei,jamiebagley233,9,8,1,6.78,21.67,14.22,0.1646,0.63
Lovis,Quali,30,0,30,20.93,5.3,13.12,0.0,2.29
Lovis,S31gn3ur Chr3t13n,20,1,19,21.2,6.05,13.62,0.0526,1.47
Lovis,Xrenoid,14,2,12,19.36,9.5,14.43,0.1905,0.97
Lovis,blankE,15,3,12,20.33,14.27,17.3,0.2759,0.87
Lovis,ciga,21,10,11,19.57,17.43,18.5,0.907,1.14
Lovis,doniatka,15,0,15,23.0,7.6,15.3,0.0,0.98
Lovis,hrejarz2,10,5,5,22.9,21.0,21.95,1.0,0.46
Lovis,m.melkowski1,9,0,9,21.89,5.44,13.67,0.0,0.66
Lovis,masterv5983,12,2,10,20.5,13.17,16.83,0.2381,0.71
Quali,ciga,35,32,3,5.8,17.31,11.56,0.07,3.03
Quali,jamiebagley233,9,9,0,6.89,21.67,14.28,0.0,0.63
S31gn3ur Chr3t13n,ciga,22,19,3,6.73,17.05,11.89,0.1515,1.85
Xrenoid,ciga,23,20,3,8.87,17.91,13.39,0.141,1.72
Xrenoid,jamiebagley233,8,8,0,5.5,21.0,13.25,0.0,0.6
blankE,ciga,22,12,10,16.68,18.05,17.36,0.8264,1.27
ciga,doniatka,16,0,16,17.5,7.38,12.44,0.0,1.29
ciga,hrejarz2,12,8,4,17.5,22.33,19.92,0.5556,0.6
ciga,m.melkowski1,12,1,11,17.0,6.75,11.88,0.1111,1.01
ciga,masterv5983,16,5,11,17.44,14.62,16.03,0.4808,1.0
jamiebagley233,masterv5983,7,1,6,21.14,13.14,17.14,0.2286,0.41
Bidderlyn,slaaneshtgof,16,16,0,1.69,19.75,10.72,0.0,1.49
Bidderlyn,tsromanow,17,17,0,1.82,18.41,10.12,0.0,1.68
Hirow,JarJar,9,2,7,23.44,17.33,20.39,0.3556,0.44
Hirow,khang.pham2401,7,2,5,21.14,13.86,17.5,0.4969,0.4
JarJar,Jeeda Sensei,25,0,25,18.16,3.64,10.9,0.0,2.29
JarJar,tsromanow,8,4,4,19.88,19.0,19.44,1.0,0.41
Jeeda Sensei,slaaneshtgof,15,15,0,4.07,19.4,11.73,0.0,1.28
Xrenoid,slaaneshtgof,11,10,1,10.55,19.91,15.23,0.1254,0.72
Xrenoid,tsromanow,10,9,1,7.4,17.2,12.3,0.1429,0.81
Zap,khang.pham2401,11,4,7,19.45,14.73,17.09,0.6324,0.64
khang.pham2401,tsromanow,7,4,3,18.14,22.14,20.14,0.8163,0.35
Bidderlyn,Xunz,19,19,0,1.84,19.42,10.63,0.0,1.79
JarJar,Xunz,11,8,3,17.82,21.45,19.64,0.4364,0.56
Jeeda Sensei,Xunz,21,21,0,4.33,18.81,11.57,0.0,1.81
Quali,Xunz,20,19,1,5.0,18.9,11.95,0.0526,1.67
Skoops!,Xunz,13,10,3,10.62,18.31,14.46,0.3419,0.9
Xrenoid,Xunz,14,11,3,10.79,19.07,14.93,0.3061,0.94
Xunz,austin_midd,8,1,7,20.75,7.62,14.19,0.1923,0.56
Xunz,blankE,12,3,9,19.92,16.17,18.04,0.3846,0.67
Xunz,luisarlen23,13,0,13,21.15,3.77,12.46,0.0,1.04
Xunz,m.melkowski1,8,1,7,19.88,7.12,13.5,0.1923,0.59
Xunz,z_iodine,8,4,4,20.25,20.75,20.5,1.0,0.39
Bidderlyn,Esteban Dorado,9,9,0,2.89,20.11,11.5,0.0,0.78
Esteban Dorado,Jeeda Sensei,10,0,10,20.6,3.6,12.1,0.0,0.83
Esteban Dorado,Quali,10,0,10,20.6,5.4,13.0,0.0,0.77
Esteban Dorado,S31gn3ur Chr3t13n,9,0,9,21.67,5.56,13.61,0.0,0.66
Esteban Dorado,Skoops!,9,0,9,21.67,8.44,15.06,0.0,0.6
Esteban Dorado,khang.pham2401,7,2,5,20.71,18.71,19.71,0.4969,0.36
Esteban Dorado,m.melkowski1,7,0,7,20.0,5.57,12.79,0.0,0.55
S31gn3ur Chr3t13n,Xunz,13,11,2,7.0,17.85,12.42,0.2122,1.05
S31gn3ur Chr3t13n,Zap,11,10,1,6.45,18.55,12.5,0.1254,0.88
Skoops!,Zap,9,7,2,11.11,17.44,14.28,0.3556,0.63
Xunz,camoutbussin,7,0,7,20.86,5.57,13.21,0.0,0.53
Xunz,doniatka,16,0,16,18.38,7.88,13.12,0.0,1.22
Xunz,khang.pham2401,8,5,3,18.5,18.12,18.31,0.6818,0.44
Xunz,masterv5983,9,2,7,22.67,15.78,19.22,0.3556,0.47
austin_midd,doniatka,8,6,2,5.75,9.0,7.38,0.4167,1.08
Bidderlyn,Коля Зман,16,16,0,2.19,17.0,9.59,0.0,1.67
JarJar,N Prime,14,0,14,18.93,3.07,11.0,0.0,1.27
JarJar,ciga,18,10,8,18.94,17.94,18.44,0.8081,0.98
JarJar,Коля Зман,10,2,8,18.7,16.0,17.35,0.3077,0.58
Jeeda Sensei,Коля Зман,17,17,0,3.06,16.82,9.94,0.0,1.71
N Prime,S31gn3ur Chr3t13n,15,13,2,3.4,7.27,5.33,0.172,2.81
N Prime,Xunz,10,10,0,3.3,18.3,10.8,0.0,0.93
N Prime,ciga,20,20,0,2.95,17.0,9.98,0.0,2.01
N Prime,doniatka,14,13,1,3.0,7.79,5.39,0.0893,2.6
N Prime,hrejarz2,8,8,0,3.38,23.38,13.38,0.0,0.6
N Prime,khang.pham2401,11,11,0,3.55,15.82,9.68,0.0,1.14
N Prime,luisarlen23,8,5,3,3.0,5.88,4.44,0.6818,1.8
N Prime,Коля Зман,9,9,0,2.89,17.33,10.11,0.0,0.89
Quali,Коля Зман,18,18,0,4.72,17.06,10.89,0.0,1.65
S31gn3ur Chr3t13n,Коля Зман,12,12,0,5.33,17.83,11.58,0.0,1.04
TheHunter222,ciga,8,6,2,12.5,19.0,15.75,0.4167,0.51
Xrenoid,Коля Зман,9,7,2,9.0,17.0,13.0,0.3556,0.69
Xunz,ciga,12,6,6,18.33,19.75,19.04,1.0,0.63
Xunz,hrejarz2,7,4,3,19.57,22.86,21.21,0.8163,0.33
Xunz,slaaneshtgof,9,5,4,17.89,19.89,18.89,0.8466,0.48
blankE,Коля Зман,8,5,3,16.88,18.88,17.88,0.6818,0.45
camoutbussin,ciga,14,12,2,6.64,17.07,11.86,0.1905,1.18
camoutbussin,hrejarz2,9,8,1,5.0,21.89,13.44,0.1646,0.67
camoutbussin,Коля Зман,8,7,1,8.5,18.5,13.5,0.1923,0.59
ciga,khang.pham2401,18,9,9,15.11,16.56,15.83,1.0,1.14
ciga,luisarlen23,14,2,12,19.79,6.57,13.18,0.1905,1.06
ciga,slaaneshtgof,11,5,6,18.36,19.55,18.95,0.8658,0.58
ciga,Коля Зман,13,9,4,16.08,17.23,16.65,0.4923,0.78
hrejarz2,luisarlen23,10,0,10,22.9,4.6,13.75,0.0,0.73
khang.pham2401,Коля Зман,11,3,8,17.73,15.73,16.73,0.4364,0.66
luisarlen23,slaaneshtgof,9,9,0,4.11,18.44,11.28,0.0,0.8
m.melkowski1,Коля Зман,9,8,1,6.44,16.89,11.67,0.1646,0.77
masterv5983,Коля Зман,7,7,0,14.14,19.29,16.71,0.0,0.42
Blumpo Gripliskin,ciga,7,6,1,8.57,18.57,13.57,0.2286,0.52
S31gn3ur Chr3t13n,schmendrikson,13,11,2,7.46,19.08,13.27,0.2122,0.98
Skoops!,ciga,22,19,3,8.18,16.59,12.39,0.1515,1.78
Skoops!,schmendrikson,10,10,0,8.5,20.7,14.6,0.0,0.68
Xrenoid,schmendrikson,10,8,2,12.0,19.0,15.5,0.3077,0.65
Xunz,schmendrikson,8,5,3,15.5,20.0,17.75,0.6818,0.45
ciga,schmendrikson,12,5,7,19.58,18.17,18.88,0.7576,0.64
doniatka,schmendrikson,8,8,0,5.88,18.5,12.19,0.0,0.66
hrejarz2,schmendrikson,7,3,4,20.0,18.86,19.43,0.8163,0.36
luisarlen23,schmendrikson,8,8,0,4.38,22.12,13.25,0.0,0.6
Dreamweaver,Siker_7,21,5,16,12.24,7.67,9.95,0.3072,2.11
Dreamweaver,Xunz,9,7,2,14.67,17.78,16.22,0.3556,0.55
Dreamweaver,ciga,22,16,6,13.5,17.64,15.57,0.3636,1.41
JarJar,Siker_7,16,5,11,18.25,11.31,14.78,0.4808,1.08
Siker_7,TheHunter222,7,4,3,9.43,13.0,11.21,0.8163,0.62
Siker_7,Xunz,9,8,1,10.44,19.22,14.83,0.1646,0.61
Siker_7,ciga,25,19,6,9.76,17.4,13.58,0.2909,1.84
Siker_7,doniatka,11,3,8,12.73,7.73,10.23,0.4364,1.08
Siker_7,luisarlen23,13,3,10,10.15,6.92,8.54,0.3419,1.52
Siker_7,slaaneshtgof,9,9,0,10.67,21.56,16.11,0.0,0.56
Bidderlyn,Varravann,8,8,0,1.75,22.62,12.19,0.0,0.66
Esteban Dorado,doniatka,7,1,6,19.29,9.0,14.14,0.2286,0.49
Jeeda Sensei,Varravann,9,9,0,3.78,22.33,13.06,0.0,0.69
N Prime,schmendrikson,11,11,0,3.09,16.36,9.73,0.0,1.13
Quali,Varravann,9,9,0,6.33,22.33,14.33,0.0,0.63
S31gn3ur Chr3t13n,Varravann,8,8,0,5.62,23.0,14.31,0.0,0.56
Siker_7,Varravann,8,7,1,8.75,21.38,15.06,0.1923,0.53
Siker_7,khang.pham2401,13,9,4,11.85,17.38,14.62,0.4923,0.89
Siker_7,schmendrikson,13,11,2,9.38,16.85,13.12,0.2122,0.99
Skoops!,Varravann,7,7,0,6.0,21.14,13.57,0.0,0.52
Bidderlyn,Grimning,22,22,0,1.77,21.27,11.52,0.0,1.91
Bidderlyn,gitm_4,12,12,0,1.67,11.67,6.67,0.0,1.8
Esteban Dorado,Lovis,8,6,2,18.88,24.12,21.5,0.4167,0.37
Grimning,JarJar,12,6,6,18.0,19.25,18.62,1.0,0.64
Grimning,Lovis,15,4,11,22.0,18.73,20.37,0.3951,0.74
Grimning,N Prime,13,0,13,20.46,2.54,11.5,0.0,1.13
Grimning,Xunz,7,0,7,24.57,14.43,19.5,0.0,0.36
Grimning,ciga,20,5,15,22.25,16.55,19.4,0.3333,1.03
Grimning,doniatka,8,0,8,23.12,7.88,15.5,0.0,0.52
Grimning,gitm_4,7,0,7,26.71,12.29,19.5,0.0,0.36
Grimning,masterv5983,10,2,8,20.4,12.5,16.45,0.3077,0.61
Grimning,Коmар,12,4,8,23.17,19.83,21.5,0.5556,0.56
Grimning,Коля Зман,10,2,8,21.3,16.0,18.65,0.3077,0.54
JarJar,Lovis,13,7,6,18.77,20.0,19.38,0.8791,0.67
Jeeda Sensei,gitm_4,14,14,0,3.14,11.29,7.21,0.0,1.94
Lovis,N Prime,14,0,14,20.79,2.71,11.75,0.0,1.19
Lovis,Xunz,10,2,8,23.4,18.1,20.75,0.3077,0.48
Lovis,gitm_4,9,0,9,22.22,9.44,15.83,0.0,0.57
Lovis,Коmар,13,3,10,22.08,18.62,20.35,0.3419,0.64
Lovis,Коля Зман,11,4,7,20.09,16.09,18.09,0.6324,0.61
N Prime,gitm_4,7,7,0,2.86,11.43,7.14,0.0,0.98
Quali,gitm_4,13,10,3,5.92,10.77,8.35,0.3419,1.56
Xunz,gitm_4,8,2,6,18.25,11.25,14.75,0.4167,0.54
ciga,gitm_4,12,2,10,16.92,11.25,14.08,0.2381,0.85
ciga,Коmар,14,8,6,17.07,18.57,17.82,0.7792,0.79
doniatka,gitm_4,7,5,2,7.57,10.57,9.07,0.4969,0.77
gitm_4,Коmар,7,7,0,12.29,22.43,17.36,0.0,0.4
Коmар,Коля Зман,7,2,5,20.43,17.57,19.0,0.4969,0.37
Bananahammockjoe,Jeeda Sensei,8,0,8,24.5,6.25,15.38,0.0,0.52
Bananahammockjoe,ciga,8,1,7,24.5,16.75,20.62,0.1923,0.39
Grimning,Hfmotta,11,8,3,18.64,23.55,21.09,0.4364,0.52
Grimning,Siker_7,18,4,14,21.61,10.39,16.0,0.2963,1.12
Grimning,blankE,16,5,11,20.12,15.56,17.84,0.4808,0.9
Grimning,schmendrikson,9,4,5,21.44,17.78,19.61,0.8466,0.46
Hfmotta,JarJar,8,0,8,26.25,15.88,21.06,0.0,0.38
Hfmotta,Jeeda Sensei,17,1,16,24.47,4.35,14.41,0.0672,1.18
Hfmotta,N Prime,10,0,10,24.4,2.3,13.35,0.0,0.75
Hfmotta,Quali,16,0,16,24.69,6.69,15.69,0.0,1.02
Hfmotta,S31gn3ur Chr3t13n,14,0,14,24.57,5.43,15.0,0.0,0.93
Hfmotta,Siker_7,11,0,11,24.18,9.55,16.86,0.0,0.65
Hfmotta,Xrenoid,11,0,11,23.82,7.27,15.55,0.0,0.71
Hfmotta,Xunz,7,0,7,26.0,13.0,19.5,0.0,0.36
Hfmotta,blankE,11,1,10,24.64,14.73,19.68,0.1254,0.56
Hfmotta,ciga,12,1,11,24.67,15.92,20.29,0.1111,0.59
Hfmotta,doniatka,7,0,7,25.29,7.43,16.36,0.0,0.43
S31gn3ur Chr3t13n,gitm_4,8,7,1,5.12,10.5,7.81,0.1923,1.02
Siker_7,gitm_4,9,6,3,9.67,12.33,11.0,0.5797,0.82
blankE,gitm_4,9,1,8,17.56,10.89,14.22,0.1646,0.63
gitm_4,khang.pham2401,8,8,0,10.75,18.0,14.38,0.0,0.56
Bidderlyn,DavidPrime83,8,8,0,1.62,24.38,13.0,0.0,0.62
Bidderlyn,jjjeffer78,16,16,0,1.69,21.88,11.78,0.0,1.36
DavidPrime83,Jeeda Sensei,8,0,8,24.38,3.25,13.81,0.0,0.58
DavidPrime83,Quali,8,0,8,24.38,6.62,15.5,0.0,0.52
Jeeda Sensei,jjjeffer78,19,18,1,3.84,21.47,12.66,0.0569,1.5
Lovis,jjjeffer78,15,7,8,20.67,20.47,20.57,0.8889,0.73
Lovis,khang.pham2401,14,3,11,22.57,15.86,19.21,0.3061,0.73
Lovis,luisarlen23,10,1,9,23.7,6.0,14.85,0.1429,0.67
Xrenoid,jjjeffer78,8,7,1,10.5,20.75,15.62,0.1923,0.51
blankE,jjjeffer78,11,10,1,15.45,22.82,19.14,0.1254,0.57
ciga,jjjeffer78,14,13,1,13.71,21.57,17.64,0.0893,0.79
doniatka,jjjeffer78,8,8,0,7.12,21.0,14.06,0.0,0.57
gitm_4,luisarlen23,8,1,7,10.88,7.38,9.12,0.1923,0.88
hrejarz2,jjjeffer78,8,5,3,20.25,20.62,20.44,0.6818,0.39
jjjeffer78,luisarlen23,8,2,6,20.5,10.0,15.25,0.4167,0.52
0mexol,Bidderlyn,8,0,8,15.75,2.25,9.0,0.0,0.89
0mexol,Jeeda Sensei,8,0,8,16.75,3.88,10.31,0.0,0.78
0mexol,Quali,9,0,9,16.11,5.11,10.61,0.0,0.85
0mexol,S31gn3ur Chr3t13n,8,0,8,16.0,3.75,9.88,0.0,0.81
0mexol,Skoops!,7,1,6,15.0,7.0,11.0,0.2286,0.64
Grimning,Skoops!,19,0,19,20.74,6.84,13.79,0.0,1.38
Grimning,jjjeffer78,12,9,3,18.83,22.0,20.42,0.3846,0.59
Grimning,slaaneshtgof,7,2,5,23.86,22.71,23.29,0.4969,0.3
Grimning,tsromanow,10,3,7,21.0,16.7,18.85,0.5,0.53
Lovis,Skoops!,20,0,20,21.25,7.9,14.58,0.0,1.37
Lovis,Zap,8,1,7,26.0,19.0,22.5,0.1923,0.36
Lovis,genevrier_ou,14,3,11,19.21,14.29,16.75,0.3061,0.84
Lovis,schmendrikson,10,5,5,21.6,17.1,19.35,1.0,0.52
Lovis,slaaneshtgof,10,3,7,22.3,20.5,21.4,0.5,0.47
Lovis,tsromanow,9,3,6,21.0,19.44,20.22,0.5797,0.45
S31gn3ur Chr3t13n,jjjeffer78,15,15,0,4.2,21.53,12.87,0.0,1.17
S31gn3ur Chr3t13n,tsromanow,14,14,0,4.64,16.29,10.46,0.0,1.34
Skoops!,gitm_4,9,7,2,8.78,11.56,10.17,0.3556,0.89
Skoops!,tsromanow,14,13,1,8.64,16.86,12.75,0.0893,1.1
Xunz,genevrier_ou,9,4,5,19.67,15.89,17.78,0.8466,0.51
genevrier_ou,jjjeffer78,10,7,3,15.8,22.7,19.25,0.5,0.52
genevrier_ou,schmendrikson,9,8,1,14.56,21.67,18.11,0.1646,0.5
genevrier_ou,slaaneshtgof,8,6,2,13.25,20.62,16.94,0.4167,0.47
genevrier_ou,tsromanow,9,5,4,13.33,16.33,14.83,0.8466,0.61
genevrier_ou,Коmар,10,7,3,15.1,18.7,16.9,0.5,0.59
hrejarz2,Коmар,9,6,3,19.89,22.0,20.94,0.5797,0.43
jjjeffer78,tsromanow,7,4,3,18.14,15.57,16.86,0.8163,0.42
jjjeffer78,Коmар,8,3,5,20.38,17.75,19.06,0.6818,0.42
schmendrikson,tsromanow,7,2,5,21.71,16.29,19.0,0.4969,0.37
Hirow,Lovis,7,3,4,21.57,21.0,21.29,0.8163,0.33
Hirow,S31gn3ur Chr3t13n,10,0,10,20.5,5.3,12.9,0.0,0.78
Hirow,Skoops!,11,1,10,21.0,8.09,14.55,0.1254,0.76
Hirow,hrejarz2,7,1,6,22.14,21.0,21.57,0.2286,0.32
Lovis,camoutbussin,9,1,8,21.78,6.67,14.22,0.1646,0.63
N Prime,genevrier_ou,12,12,0,3.25,12.33,7.79,0.0,1.54
Skoops!,Коля Зман,14,14,0,7.14,16.21,11.68,0.0,1.2
genevrier_ou,Коля Зман,7,4,3,16.43,17.29,16.86,0.8163,0.42
Bidderlyn,Hfmotta,15,15,0,1.93,24.0,12.97,0.0,1.16
Bidderlyn,Reynauld,15,15,0,1.8,12.8,7.3,0.0,2.05
Hfmotta,Lovis,9,0,9,24.44,18.78,21.61,0.0,0.42
Hfmotta,Skoops!,12,0,12,23.42,6.17,14.79,0.0,0.81
Hfmotta,genevrier_ou,10,1,9,24.0,14.3,19.15,0.1429,0.52
Hfmotta,jjjeffer78,7,3,4,25.0,21.57,23.29,0.8163,0.3
Hfmotta,tsromanow,7,1,6,25.0,18.43,21.71,0.2286,0.32
Jeeda Sensei,Reynauld,14,14,0,2.93,12.71,7.82,0.0,1.79
Lovis,Reynauld,7,1,6,23.43,14.86,19.14,0.2286,0.37
Quali,Reynauld,14,11,3,5.64,13.21,9.43,0.3061,1.48
Reynauld,S31gn3ur Chr3t13n,12,1,11,14.0,5.67,9.83,0.1111,1.22
Reynauld,Skoops!,11,4,7,14.18,7.64,10.91,0.6324,1.01
Reynauld,blankE,7,6,1,8.71,14.43,11.57,0.2286,0.6
Reynauld,doniatka,8,1,7,15.5,7.62,11.56,0.1923,0.69
Reynauld,genevrier_ou,7,5,2,11.86,14.86,13.36,0.4969,0.52
Reynauld,slaaneshtgof,8,5,3,14.62,22.12,18.38,0.6818,0.44
Reynauld,tsromanow,8,5,3,11.75,16.0,13.88,0.6818,0.58
Reynauld,Коmар,7,5,2,11.57,15.71,13.64,0.4969,0.51
blankE,tsromanow,11,5,6,16.36,16.18,16.27,0.8658,0.68
camoutbussin,jjjeffer78,8,7,1,9.0,24.25,16.62,0.1923,0.48
camoutbussin,tsromanow,7,7,0,5.29,14.71,10.0,0.0,0.7
Bidderlyn,Skit,15,15,0,2.27,15.2,8.73,0.0,1.72
Dreamweaver,Hirow,9,8,1,11.67,17.78,14.72,0.1646,0.61
Dreamweaver,Skit,13,7,6,10.46,12.62,11.54,0.8791,1.13
Dreamweaver,gitm_4,7,4,3,13.0,12.57,12.79,0.8163,0.55
Dreamweaver,Коля Зман,10,9,1,9.0,17.5,13.25,0.1429,0.75
Hirow,Siker_7,8,0,8,21.25,10.62,15.94,0.0,0.5
Hirow,Skit,7,2,5,19.43,17.14,18.29,0.4969,0.38
Hirow,ciga,9,3,6,19.78,16.44,18.11,0.5797,0.5
Jeeda Sensei,Skit,17,16,1,4.41,13.35,8.88,0.0672,1.91
Quali,Skit,18,17,1,5.94,14.11,10.03,0.0617,1.8
S31gn3ur Chr3t13n,Skit,14,13,1,4.43,15.93,10.18,0.0893,1.38
Siker_7,Skit,13,10,3,8.69,12.23,10.46,0.3419,1.24
Siker_7,btroitsk,8,4,4,10.75,10.38,10.56,1.0,0.76
Siker_7,genevrier_ou,17,12,5,8.71,14.59,11.65,0.4357,1.46
Siker_7,jjjeffer78,12,12,0,10.67,21.08,15.88,0.0,0.76
Siker_7,Коля Зман,12,10,2,8.42,16.5,12.46,0.2381,0.96
Skit,Skoops!,14,4,10,13.57,7.64,10.61,0.4396,1.32
Skit,blankE,9,4,5,14.67,17.33,16.0,0.8466,0.56
Skit,ciga,12,8,4,13.92,17.67,15.79,0.5556,0.76
Skit,genevrier_ou,14,9,5,13.57,15.21,14.39,0.5952,0.97
Skit,jjjeffer78,8,6,2,15.12,21.75,18.44,0.4167,0.43
Skit,luisarlen23,8,2,6,15.25,8.75,12.0,0.4167,0.67
Skit,Коля Зман,7,4,3,13.57,16.29,14.93,0.8163,0.47
Zap,ciga,7,2,5,17.29,14.43,15.86,0.4969,0.44
btroitsk,ciga,8,6,2,10.75,14.38,12.56,0.4167,0.64
ciga,genevrier_ou,16,4,12,19.56,13.25,16.41,0.3571,0.98
jjjeffer78,Коля Зман,7,2,5,20.29,16.14,18.21,0.4969,0.38
Reynauld,luisarlen23,7,0,7,11.29,4.29,7.79,0.0,0.9
Coyface,S31gn3ur Chr3t13n,7,0,7,23.14,4.0,13.57,0.0,0.52
Coyface,Skoops!,8,0,8,23.5,5.62,14.56,0.0,0.55
Hfmotta,Hirow,7,3,4,26.14,23.14,24.64,0.8163,0.28
Lovis,Siker_7,18,2,16,19.5,8.83,14.17,0.1307,1.27
N Prime,jjjeffer78,9,9,0,3.0,21.78,12.39,0.0,0.73
N Prime,tsromanow,9,9,0,2.78,18.33,10.56,0.0,0.85
Siker_7,tsromanow,12,11,1,8.0,17.58,12.79,0.1111,0.94
ciga,tsromanow,13,9,4,16.38,17.77,17.08,0.4923,0.76
Bidderlyn,Halswein,9,9,0,1.56,25.89,13.72,0.0,0.66
Coyface,Dreamweaver,7,0,7,23.71,11.43,17.57,0.0,0.4
Dreamweaver,Halswein,9,9,0,14.44,26.89,20.67,0.0,0.44
Dreamweaver,Lovis,18,13,5,13.5,19.17,16.33,0.3968,1.1
Dreamweaver,N Prime,15,1,14,12.33,2.33,7.33,0.0808,2.05
Dreamweaver,schmendrikson,12,8,4,14.83,18.0,16.42,0.5556,0.73
Halswein,Jeeda Sensei,10,1,9,26.1,6.3,16.2,0.1429,0.62
Halswein,Quali,9,0,9,25.78,4.89,15.33,0.0,0.59
Halswein,ciga,8,0,8,26.75,17.12,21.94,0.0,0.36
Bidderlyn,Mr_Aapies,11,11,0,1.73,24.64,13.18,0.0,0.83
Dreamweaver,Grimning,17,14,3,11.88,19.82,15.85,0.2277,1.07
Dreamweaver,Hfmotta,11,11,0,11.18,24.36,17.77,0.0,0.62
Dreamweaver,Mr_Aapies,13,11,2,11.31,22.38,16.85,0.2122,0.77
Dreamweaver,benreichardt,7,7,0,14.57,26.29,20.43,0.0,0.34
Grimning,Hirow,7,3,4,23.0,20.43,21.71,0.8163,0.32
Grimning,Mr_Aapies,10,4,6,22.3,21.3,21.8,0.7273,0.46
Grimning,Skit,13,6,7,17.0,14.69,15.85,0.8791,0.82
Hfmotta,Skit,9,1,8,25.44,16.33,20.89,0.1646,0.43
Jeeda Sensei,Mr_Aapies,15,15,0,3.13,23.13,13.13,0.0,1.14
Lovis,Mr_Aapies,11,8,3,18.18,25.27,21.73,0.4364,0.51
Lovis,Skit,8,0,8,19.0,8.75,13.88,0.0,0.58
Mr_Aapies,Quali,15,0,15,23.13,4.93,14.03,0.0,1.07
Mr_Aapies,S31gn3ur Chr3t13n,11,0,11,22.55,6.0,14.27,0.0,0.77
Mr_Aapies,Skoops!,11,0,11,23.36,5.45,14.41,0.0,0.76
Mr_Aapies,blankE,9,3,6,21.67,15.11,18.39,0.5797,0.49
S31gn3ur Chr3t13n,benreichardt,8,8,0,4.38,24.62,14.5,0.0,0.55
Skoops!,benreichardt,9,9,0,7.22,25.22,16.22,0.0,0.55
Bidderlyn,Conroy Milk,18,18,0,1.67,13.94,7.81,0.0,2.31
Conroy Milk,Dreamweaver,15,7,8,14.93,13.33,14.13,0.8889,1.06
Conroy Milk,Jeeda Sensei,21,1,20,13.38,3.62,8.5,0.0488,2.47
Conroy Milk,Lovis,14,9,5,14.71,22.29,18.5,0.5952,0.76
Conroy Milk,Quali,21,4,17,13.52,5.81,9.67,0.2309,2.17
Conroy Milk,S31gn3ur Chr3t13n,16,1,15,11.69,5.69,8.69,0.0735,1.84
Conroy Milk,Skoops!,16,2,14,13.88,6.81,10.34,0.1562,1.55
Conroy Milk,Xrenoid,13,3,10,12.38,9.46,10.92,0.3419,1.19
Conroy Milk,benreichardt,8,8,0,13.62,24.62,19.12,0.0,0.42
Conroy Milk,camoutbussin,11,2,9,13.73,6.18,9.95,0.2694,1.11
Conroy Milk,doniatka,8,0,8,13.75,9.0,11.38,0.0,0.7
Conroy Milk,khang.pham2401,7,4,3,12.29,15.14,13.71,0.8163,0.51
Conroy Milk,Коля Зман,7,5,2,14.14,15.71,14.93,0.4969,0.47
Conroy Milk,Hfmotta,8,8,0,11.12,25.12,18.12,0.0,0.44
Conroy Milk,Mr_Aapies,10,8,2,14.2,21.7,17.95,0.3077,0.56
Conroy Milk,Siker_7,17,4,13,13.47,8.88,11.18,0.3245,1.52
Conroy Milk,blankE,13,6,7,14.54,15.62,15.08,0.8791,0.86
Conroy Milk,ciga,16,10,6,14.06,15.88,14.97,0.625,1.07
Conroy Milk,jjjeffer78,11,11,0,13.09,21.18,17.14,0.0,0.64
Conroy Milk,tsromanow,8,5,3,13.88,14.62,14.25,0.6818,0.56
Dreamweaver,Kola Koala,8,6,2,12.0,22.5,17.25,0.4167,0.46
Jeeda Sensei,Kola Koala,8,7,1,6.25,22.5,14.38,0.1923,0.56
Kola Koala,Quali,7,0,7,22.14,3.86,13.0,0.0,0.54
Kola Koala,ciga,7,1,6,21.71,12.86,17.29,0.2286,0.4
Mr_Aapies,Siker_7,12,0,12,23.75,7.92,15.83,0.0,0.76
Mr_Aapies,ciga,11,4,7,24.64,19.0,21.82,0.6324,0.5
Conroy Milk,Grimning,15,10,5,13.33,20.6,16.97,0.5333,0.88
Conroy Milk,Reynauld,10,3,7,14.0,12.2,13.1,0.5,0.76
Conroy Milk,Skit,8,5,3,12.0,17.38,14.69,0.6818,0.54
Conroy Milk,hrejarz2,7,5,2,13.43,18.86,16.14,0.4969,0.43
Conroy Milk,Коmар,11,6,5,11.91,17.73,14.82,0.8658,0.74
Grimning,Reynauld,8,2,6,18.12,12.62,15.38,0.4167,0.52
Reynauld,ciga,8,5,3,10.88,14.5,12.69,0.6818,0.63
Skit,tsromanow,7,3,4,14.86,17.0,15.93,0.8163,0.44
Skit,Коmар,9,6,3,15.67,17.11,16.39,0.5797,0.55
Conroy Milk,luisarlen23,8,1,7,15.5,6.12,10.81,0.1923,0.74
Dreamweaver,Reynauld,8,2,6,13.12,8.38,10.75,0.4167,0.74
Bidderlyn,WhiteNorth,8,8,0,1.62,21.62,11.62,0.0,0.69
Dreamweaver,Frango,14,9,5,12.36,18.43,15.39,0.5952,0.91
Frango,N Prime,9,0,9,19.11,2.33,10.72,0.0,0.84
Frango,Siker_7,15,2,13,17.67,9.07,13.37,0.172,1.12
Frango,luisarlen23,8,0,8,16.12,6.12,11.12,0.0,0.72
Frango,tsromanow,10,6,4,17.3,17.9,17.6,0.7273,0.57
Frango,Коmар,7,4,3,17.14,17.57,17.36,0.8163,0.4
Jeeda Sensei,WhiteNorth,8,8,0,3.62,21.62,12.62,0.0,0.63
N Prime,Reynauld,7,7,0,2.14,11.43,6.79,0.0,1.03
Quali,WhiteNorth,8,8,0,6.88,21.62,14.25,0.0,0.56
Reynauld,Siker_7,9,2,7,13.11,8.56,10.83,0.3556,0.83
Reynauld,Xrenoid,9,3,6,12.67,11.0,11.83,0.5797,0.76
Siker_7,WhiteNorth,7,6,1,7.86,20.71,14.29,0.2286,0.49
Siker_7,hrejarz2,9,9,0,10.67,22.0,16.33,0.0,0.55
Bidderlyn,Pask74,7,7,0,1.43,26.14,13.79,0.0,0.51
Conroy Milk,JarJar,10,6,4,15.3,17.4,16.35,0.7273,0.61
Conroy Milk,N Prime,9,0,9,13.11,2.56,7.83,0.0,1.15
Jeeda Sensei,Pask74,8,8,0,2.75,25.25,14.0,0.0,0.57
Pask74,Quali,7,0,7,25.0,7.0,16.0,0.0,0.44
Pask74,Siker_7,8,0,8,25.25,10.88,18.06,0.0,0.44
Pask74,Xrenoid,7,0,7,26.14,10.57,18.36,0.0,0.38
Pask74,ciga,8,1,7,25.25,13.38,19.31,0.1923,0.41
Conroy Milk,schmendrikson,8,5,3,14.75,16.38,15.56,0.6818,0.51
Delta.357,Jeeda Sensei,7,0,7,21.43,5.0,13.21,0.0,0.53
Delta.357,Quali,7,0,7,21.43,5.57,13.5,0.0,0.52
Bidderlyn,valtry,8,8,0,1.88,21.5,11.69,0.0,0.68
Jeeda Sensei,valtry,10,9,1,5.0,21.1,13.05,0.1429,0.77
Mr_Aapies,Xrenoid,8,0,8,23.62,8.12,15.88,0.0,0.5
Quali,valtry,9,9,0,5.78,20.78,13.28,0.0,0.68
S31gn3ur Chr3t13n,valtry,8,8,0,6.12,20.0,13.06,0.0,0.61
Siker_7,valtry,7,7,0,7.0,22.29,14.64,0.0,0.48
Skoops!,WhiteNorth,7,7,0,8.43,20.57,14.5,0.0,0.48
Skoops!,valtry,9,9,0,7.78,21.11,14.44,0.0,0.62
Frango,Hfmotta,7,5,2,18.86,23.29,21.07,0.4969,0.33
Frango,JarJar,11,8,3,16.36,19.55,17.95,0.4364,0.61
Frango,Skoops!,13,0,13,18.08,7.23,12.65,0.0,1.03
Frango,camoutbussin,8,0,8,15.38,4.38,9.88,0.0,0.81
Conroy Milk,HZaninelli,7,7,0,14.14,25.29,19.71,0.0,0.36
Dreamweaver,HZaninelli,8,7,1,11.88,24.25,18.06,0.1923,0.44
HZaninelli,Jeeda Sensei,10,0,10,24.0,2.9,13.45,0.0,0.74
HZaninelli,ciga,9,3,6,23.44,17.44,20.44,0.5797,0.44
HZaninelli,Коmар,7,2,5,23.14,17.86,20.5,0.4969,0.34
Halswein,Siker_7,7,0,7,25.71,7.0,16.36,0.0,0.43
Dreamweaver,valtry,9,9,0,9.67,20.89,15.28,0.0,0.59
Frango,Grimning,11,5,6,16.55,17.82,17.18,0.8658,0.64
Frango,HZaninelli,8,6,2,17.75,23.25,20.5,0.4167,0.39
Frango,Skit,10,4,6,17.9,13.8,15.85,0.7273,0.63
Frango,genevrier_ou,12,3,9,17.08,14.25,15.67,0.3846,0.77
Grimning,valtry,7,6,1,17.0,20.71,18.86,0.2286,0.37
HZaninelli,JarJar,8,4,4,23.25,19.75,21.5,1.0,0.37
HZaninelli,N Prime,7,0,7,23.86,2.86,13.36,0.0,0.52
JarJar,Skit,10,4,6,17.4,13.0,15.2,0.7273,0.66
N Prime,Skit,8,8,0,3.12,10.88,7.0,0.0,1.14
genevrier_ou,valtry,7,5,2,12.71,20.71,16.71,0.4969,0.42
Skit,Xrenoid,10,2,8,12.5,6.4,9.45,0.3077,1.06
Mr_Aapies,genevrier_ou,9,2,7,21.67,14.11,17.89,0.3556,0.5
Frango,schmendrikson,9,6,3,16.0,20.0,18.0,0.5797,0.5
Jeeda Sensei,flowerlady32,7,7,0,2.71,17.29,10.0,0.0,0.7
Conroy Milk,genevrier_ou,10,4,6,15.4,12.3,13.85,0.7273,0.72
Conroy Milk,Frango,8,3,5,15.12,13.5,14.31,0.6818,0.56
Frango,Mr_Aapies,7,4,3,16.43,22.86,19.64,0.8163,0.36
Jeeda Sensei,fmc91,7,7,0,3.0,16.29,9.64,0.0,0.73
Quali,fmc91,7,7,0,5.71,16.29,11.0,0.0,0.64
Siker_7,fmc91,7,7,0,8.57,16.29,12.43,0.0,0.56
